HOSPITAL_REPORT_ID,HOSPITAL_CCN_ID,HOSPITAL_NAME
6310110,,"Nemours Children's Hospital-Delaware, Wilmington"
6410391,,"Cincinnati Children's, Cincinnati"
6390900,,Johns Hopkins All Children's Hospital
6160450,,Connecticut Children's Medical Center
6390687,,"Nemours Children's Hospital-Florida, Orlando"
6390900,,"Johns Hopkins All Children's Hospital, St. Petersburg, Fla."
6380021,,Children's Healthcare of Atlanta
6840280,,Children's Hospital Colorado
6741425,,"Cook Children's Medical Center, Fort Worth, Texas"
6720520,,Children's Hospital New Orleans
6932287,,CHOC Children's Hospital
6430560,,Ann and Robert H. Lurie Children's Hospital-Prentice Women's Hospital
6740222,,Children's Hospital of San Antonio
6710340,,Arkansas Children's Hospital
6710340,,"Arkansas Children's Hospital, Little Rock"
6931470,,Children's Hospital Los Angeles
6932775,,"Rady Children's Hospital, San Diego"
6510540,,"Norton Children's Hospital, Louisville, Ky."
6932775,,Rady Children's Hospital
6231730,,Children's Hospital of Philadelphia
6330030,,"Children's National Hospital, Washington"
6510540,,Norton Children's Hospital
6930103,,MemorialCare Miller Children's and Women's Hospital Long Beach
6232430,,UPMC Children's Hospital of Pittsburgh-Shriners Hospitals for Children Erie
6390625,,"Nicklaus Children's Hospital, Miami"
6740147,,"Dell Children's Medical Center, Austin, Texas"
6870280,,"Intermountain Primary Children's Hospital-University of Utah, Salt Lake City"
6630945,,SSM Health Cardinal Glennon Children's Hospital-St. Louis University
6451030,,Children's Wisconsin Hospital
6451030,,Children's Wisconsin
6140270,,Boston Children's Hospital
6440480,,Children's Hospital of Michigan
6910560,,Seattle Children's Hospital
6740222,,"CHRISTUS Children's, San Antonio"
6870280,,Intermountain Primary Children's Hospital-Shriners Hospitals for Children-University of Utah
6742018,,"Texas Children's Hospital, Houston"
6870280,,Intermountain Primary Children's Hospital-University of Utah
6430560,,Ann & Robert H. Lurie Children's Hospital of Chicago
6330030,,Children's National Hospital
6410922,,Rainbow Babies and Children's Hospital
6411160,,"Dayton Children's Hospital, Dayton, Ohio"
6720743,,Ochsner LSU Health Shreveport-St. Mary Medical Center
6860210,,Phoenix Children's Hospital
6930206,,Loma Linda University Children's Hospital
6660635,,Children's Hospital and Medical Center
6410055,,"Akron Children's Hospital, Akron, Ohio"
6520815,,St. Jude Children's Research Hospital
6440480,,"Children's Hospital of Michigan, Detroit"
6930814,,Valley Children's Healthcare and Hospital
6930814,,"Valley Children's Healthcare and Hospital, Madera, Calif."
6410391,,Cincinnati Children's
6630340,,Children's Mercy Kansas City Hospital
6430560,,Ann and Robert H. Lurie Children's Hospital of Chicago
6631180,,St. Louis Children's Hospital-Washington University/Shriners Hospital
6411160,,Dayton Children's Hospital
6933605,,Lucile Packard Children's Hospital Stanford
6840280,,"Children's Hospital Colorado, Aurora"
6530170,,"Children's Hospital of Alabama at UAB, Birmingham"
6950335,,Kapi'olani Medical Center for Women and Children
6451030,,"Children's Wisconsin Hospital, Milwaukee"
6742018,,Texas Children's Hospital
6630340,,"Children's Mercy Kansas City Hospital, Kansas City, Mo."
6932287,,"CHOC Children's Hospital, Orange, Calif."
6232430,,"UPMC Children's and Western Psychiatric Hospitals, Pittsburgh"
6930103,,"MemorialCare Miller Children's and Women's Hospital Long Beach, Calif."
6870280,,"Intermountain Primary Children's Hospital-Shriners Hospitals for Children-University of Utah, Salt Lake City"
6631180,,St. Louis Children's Hospital-Washington University/Shriners Children's St. Louis
6140270,,Dana-Farber/Boston Children's Cancer and Blood Disorders Center
6232430,,UPMC Children's Hospital of Pittsburgh
6660706,,Boys Town National Research Hospital
6160450,,"Connecticut Children's Medical Center, Hartford"
6410950,,Nationwide Children's Hospital
6410950,,"Nationwide Children's Hospital, Columbus, Ohio"
6933605,,"Lucile Packard Children's Hospital Stanford, Palo Alto, Calif."
6530170,,Children's Hospital of Alabama at UAB
6660635,,"Children's Nebraska, Omaha"
6410922,,"Rainbow Babies and Children's Hospital, Cleveland"
6410391,,Cincinnati Children's Hospital Medical Center
6660635,,Children's Nebraska
6631180,,St. Louis Children's Hospital-Washington University
6740222,,CHRISTUS Children's
6740147,,Dell Children's Medical Center
6741425,,Cook Children's Medical Center
6390687,,Nemours Children's Hospital-Florida
6310110,,Nemours Children's Hospital-Delaware
6930206,,"Loma Linda University Children's Hospital, Loma Linda, Calif."
6390625,,Nicklaus Children's Hospital
6410055,,Akron Children's Hospital
6520815,,"St. Jude Children's Research Hospital, Memphis, Tenn."
6410391,,Cincinnati Children's and Kentucky Children's Hospital Joint Heart Program
6740038,,Covenant Children's Hospital
6430560,,"Ann and Robert H. Lurie Children's Hospital-Prentice Women's Hospital, Chicago"
6950335,,"Kapiolani Medical Center for Women and Children, Honolulu"
